{"cameraMode":{"drawMode":0,"name":"Shaded","section":"Shading Mode"},"sceneLighting":true,"audioPlay":false,"sceneViewState":{"m_AlwaysRefresh":false,"showFog":true,"showSkybox":true,"showFlares":true,"showImageEffects":true,"showParticleSystems":true,"showVisualEffectGraphs":true,"m_FxEnabled":true},"in2DMode":false,"pivot":{"x":-3.652297019958496,"y":4.060059547424316,"z":-1.2429940700531006},"rotation":{"x":0.20660528540611268,"y":0.7507938742637634,"z":-0.27488380670547488,"w":0.5640952587127686},"size":0.25980937480926516,"orthographic":false}